{
  "reset": "Zurücksetzen",
  "none": "Keins",
  "yes": "Ja",
  "no": "Nein",
  "save": "Speichern",
  "cancel": "Abbrechen",
  "sortBy": "Sortieren nach",
  "loading": "Lade",

  "dashboard": "Dashboard",
  "boards": "Boards",
  "files": "Dateibetrachter",
  "attachment": "Anlage",
  "settings": "Einstellungen",
  "logout": "Abmelden",

  "settings_userSettings": "Meine Einstellungen",
  "settings_changePassword": "Passwort ändern",
  "settings_currentPassword": "Aktuelles Passwort",
  "settings_newPassword": "Neues Passwort",
  "settings_verifyPassword": "Passwort bestätigen",
  "settings_changeUsername": "Benutzernamen ändern",
  "settings_newUsername": "Neuer Benutzername",
  "settings_changeEmail": "E-Mail ändern",
  "settings_newEmail": "Neue E-Mail",
  "settings_blank": "Leer zum Deaktivieren",
  "settings_globalOptions": "Globale Einstellungen",
  "settings_displayLanguage": "Anzeigesprache",
  "settings_selectDefaultBoard": "Standardboard auswählen",
  "settings_newTasks": "Neue Aufgaben erscheinen in der Spalte",
  "settings_bottom": "unten",
  "settings_top": "oben",
  "settings_optionsDisplay": "Aufgaben in Spalten nebeneinander anzeigen?",
  "settings_optionsAnimate": "Animationen anzeigen?",
  "settings_optionsAssignee": "Bearbeiter auf der Aufgabenkarte anzeigen?",

  "settings_userAdmin": "Benutzer-Administration",
  "settings_user": "Benutzer",
  "settings_email": "E-Mail",
  "settings_securityLevel": "Sicherheitsstufe",
  "settings_defaultBoard": "Standardboard",
  "settings_actions": "Aktionen",
  "settings_edit": "Bearbeiten",
  "settings_removeUser": "Benuter löschen",
  "settings_addUser": "Benutzer hinzufügen",
  "settings_editUser": "Benutzer bearbeiten",
  "settings_saveUser": "Benutzer speichern",
  "settings_confirmUserRemoval": "Löschen des Benutzers bestätigen",
  "settings_removeUserWarning": "Das Löschen eines Benutzers kann nicht rückgängig gemacht werden.",
  "settings_continue": "Fortsetzen?",
  "settings_username": "Benutzername",
  "settings_password": "Passwort",
  "settings_emailPlaceholder": "Neue E-Mail - leer zum Deaktivieren",
  "settings_defaultBoardHelp": "Die Auswahl eines Standardboards fügt den Benutzer zu diesem Board hinzu.",
  "settings_boardAccess": "Board Zugriff",
  "settings_boardAdmin": "Board Administrator",
  "settings_admin": "Administrator",
  "settings_usernameRequired": "Benutzername ist erforderlich.",
  "settings_passwordRequired": "Passwort ist erforderlich.",
  "settings_verifyError": "Die beiden Passwörter stimmen nicht überein.",
  "settings_emailError": "Ungültige E-Mail-Adresse.",

  "settings_boardAdministration": "Board Administration",
  "settings_currentBoards": "Aktuelle Boards",
  "settings_showByUser": "Zeige für Benutzer",
  "settings_filterBy": "Filter nach",
  "settings_allBoards": "Alle Boards",
  "settings_active": "Aktiv",
  "settings_inactive": "Inaktiv",
  "settings_anyUser": "Alle Nutzer",
  "settings_creationNew": "Erstellung (Neue zuerst)",
  "settings_creationOld": "Erstellung (Alte zuerst)",
  "settings_name": "Name",
  "settings_columns": "Spalten",
  "settings_categories": "Kategorien",
  "settings_users": "Benutzer",
  "settings_editBoard": "Board bearbeiten",
  "settings_addBoard": "Board hinzufügen",
  "settings_removeBoard": "Board löschen",
  "settings_confirmBoardRemoval": "Löschen des Boards bestätigen",
  "settings_removeBoardWarning": "Das Löschen eines Boards kann nicht rückgängig gemacht werden.",
  "settings_boardName": "Board Name",
  "settings_removeColumn": "Spalte löschen",
  "settings_columnName": "Spaltenname",
  "settings_addColumn": "Spalte hinzufügen",
  "settings_removeCategory": "Kategorie entfernen",
  "settings_categoryName": "Kategoriebezeichnung",
  "settings_defaultTaskColor": "Standardaufgabenfarbe",
  "settings_addCategory": "Kategorie hinzufügen",
  "settings_issueTrackers": "Issue Tracker",
  "settings_issueTrackersHelp": "Beispiel-URL: https://github.com/kiswa/TaskBoard/issues/%BUGID% Beispiel RegExp: (?:Issue)?#(\\d+)",
  "settings_issueTrakcerUrl": "Issue Tracker URL - nutze %BUGID% als Platzhalter",
  "settings_issueTrackerRegExp": "BUGID RegExp",
  "settings_addIssueTracker": "Issue Tracker hinzufügen",
  "settings_selectUsers": "Benutzer auswählen",
  "settings_boardAdminMessage": "Füge einen Board Administrator hinzu, um ihn zum Administrator dieses Boards zu machen.",
  "settings_adminAccessMessage": "Administratoren haben Zugriff auf alle Boards und werden hier nicht angezeigt.",
  "settings_saveBoard": "Board speichern",
  "settings_noBoards": "Dir ist kein Board zugewiesen. Kontaktiere einen Administrator um einem Board zugewiesen zu werden.",
  "settings_noBoardsAdmin": "Es gibt aktuell keine Boards. Benutze den <strong>Board hinzufügen</strong> Knopf unten um eins hinzuzufügen.",
  "settings_boardNameError": "Ein Name für das Board wird benötigt.",
  "settings_columnError": "Mindestens eine Spalte wird benötigt.",

  "settings_automaticActions": "Automatische Aktionen",
  "settings_currentAction": "Aktuelle Aktionen",
  "settings_board": "Board",
  "settings_trigger": "Auslöser",
  "settings_action": "Aktion",
  "settings_remove": "Löschen",
  "settings_inactiveBoardMessage": "Inaktives Board.",
  "settings_removeAutoAction": "Automatische Aktion löschen",
  "settings_triggerMoveToColumn": "Aufgabe wird in Spalte verschoben:",
  "settings_triggerAssignedToUser": "Aufgabe wird Benutzer zugewiesen:",
  "settings_triggerAddedToCategory": "Aufgabe wird Kategorie zugewiesen:",
  "settings_triggerPointsChanged": "Aufgabenpunkte werden verändert.",
  "settings_actionSetColor": "Setze Farbe der Aufgabe:",
  "settings_actionSetCategory": "Setze Kategorie der Aufgabe:",
  "settings_actionAddCategory": "Füge der Aufgabe eine Kategorie hinzu:",
  "settings_actionSetAssignee": "Setze den Bearbeiter der Aufgabe:",
  "settings_actionAddAssignee": "Füge der Aufgabe einen Bearbeiter hinzu:",
  "settings_actionClearDueDate": "Entferne das Fälligkeitsdatum.",
  "settings_actionAlterColor": "Ändere die Farbe nach Punkten.",
  "settings_addAction": "Aktion hinzufügen",
  "settings_selectBoard": "Board auswählen",
  "settings_selectTrigger": "Auslöser auswählen",
  "settings_selectAction": "Aktion auswählen",
  "settings_selectColumn": "Spalte auswählen",
  "settings_selectUser": "Benutzer auswählen",
  "settings_selectCategory": "Kategorie auswählen",
  "settings_selectAssignee": "Bearbeiter auswählen",
  "settings_alterByPoints": "Ändere die Farbe nach Punkten",
  "settings_noActions": "Es gibt keine automatischen Aktionen. Kontaktiere einen Administrator um eine hinzuzufügen.",
  "settings_noActionsAdmin": "Es gibt keine automatischen Aktionen. Benutze die <strong>Aktion hinzufügen</strong> Maske unten um eine hinzuzufügen.",

  "boards_selectBoard": "Board auswählen",
  "boards_selectColumn": "Spalte auswählen",
  "boards_hideFiltered": "Gefilterte Objekte verstecken",
  "boards_userFilter": "Benutzerfilter",
  "boards_categoryFilter": "Kategoriefilter",
  "boards_noBoards": "Keine Boards",
  "boards_noBoardsMessageUser": "Dir ist kein Board zugewiesen. Kontaktiere einen Administrator um einem Board zugewiesen zu werden.",
  "boards_noBoardsMessageAdmin": "Rufe die Einstellungen auf um eines zu erstellen.",
  "boards_noDefault": "Kein Standardboard",
  "boards_noDefaultMessage": "Du hast kein Standardboard ausgewählt. Wähle eines in den",
  "boards_noDefaultMessage2": "Solange kannst du ein Board oben in der Liste wählen.",

  "boards_collapseAllTasks": "Alle Aufgaben zuklappen",
  "boards_expandAllTasks": "Alle Aufgaben aufklappen",
  "boards_tasksInColumn": "Aufgaben in Spalten",
  "boards_expandColumn": "Spalte aufklappen",
  "boards_collapseColumn": "Spalte zuklappen",
  "boards_editTaskLimit": "Aufgabenlimit bearbeiten",
  "boards_noLimit": "Kein Limit",
  "boards_limitCancel": "Änderungen verwerfen",
  "boards_limitSave": "Änderungen speichern",
  "boards_quickAdd": "Aufgabe schnell erstellen - nur Titel",
  "boards_confirmRemoveTask": "Löschen der Aufgabe bestätigen",
  "boards_confirmWarning": "Das Löschen einer Aufgabe kann nicht rückgängig gemacht werden.",
  "boards_confirmContinue": "Fortsetzen?",
  "boards_confirmRemoveAttachment": "Löschen der Anlage bestätigen",
  "boards_confirmWarningAttachment": "Das Löschen einer Anlage kann nicht rückgängig gemacht werden.",
  "boards_confirmRemoveComment": "Löschen eines Kommentars bestätigen",
  "boards_confirmWarningComment": "Das Löschen eines Kommentars kann nicht rückgängig gemacht werden.",

  "boards_addTask": "Aufgabe hinzufügen",
  "boards_editTask": "Aufgabe bearbeiten",
  "boards_viewTask": "Aufgabe anzeigen",
  "boards_removeTask": "Aufgabe löschen",
  "boards_moveTask": "In Spalte verschieben",

  "boards_taskTitle": "Titel",
  "boards_taskTitlePlaceholder": "Aufgabentitel",
  "boards_taskDescription": "Beschreibung",
  "boards_taskDescriptionPlaceholder": "Was muss getan werden?",
  "boards_taskAssignees": "Bearbeiter",
  "boards_taskActivity": "Aufgabenverlauf",
  "boards_taskCategories": "Kategorien",
  "boards_taskColumn": "Spalte",
  "boards_taskColor": "Farbe",
  "boards_taskDateDue": "Fälligkeitsdatum",
  "boards_taskPoints": "Punkte",
  "boards_saveTask": "Aufgabe speichern",

  "boards_copyTaskTo": "Kopiere zu Board",
  "boards_moveTaskTo": "Verschiebe zu Board",
  "boards_copyMoveHelp": "Die Aufgabe wird in die erste Spalte des ausgewählten Boards platziert.",
  "boards_expandTask": "Aufgabe ausklappen",
  "boards_collapseTask": "Aufgabe zuklappen",
  "boards_taskAssignedTo": "Zugewiesen zu",
  "boards_taskUnassigned": "nicht zugewiesen",
  "boards_taskDue": "Fälligkeit",
  "boards_taskCategory": "Kategorie",
  "boards_taskCurrentColumn": "Aktuelle Spalte",

  "boards_taskComments": "Kommentare",
  "boards_taskAddComment": "Kommentar hinzufügen",
  "boards_taskEditComment": "Kommentar bearbeiten",
  "boards_taskRemoveComment": "Kommentar löschen",
  "boards_postedBy": "Geschrieben von",
  "boards_editedBy": "Geändert von",

  "boards_taskAttachments": "Anlagen",
  "boards_taskAddAttachment": "Anlage hinzufügen",
  "boards_taskEditAttachment": "Anlage bearbeiten",
  "boards_taskRemoveAttachment": "Anlage löschen",
  "boards_taskNoFileError": "Wähle vor dem Hochladen eine Datei aus.",
  "boards_taskUpload": "Hochladen",
  "boards_taskUploadedBy": "Hochgeladen von",
  "boards_taskUploadedOn": "am",
  "boards_taskView": "Anzeigen",
  "boards_taskDownload": "Herunterladen",

  "boards_task": "Aufgabe",
  "boards_taskComplete": "Abschließen",
  "boards_taskCopied": "Kopiert zu Board",
  "boards_taskMoved": "Verschoben zu Board",

  "boards_filterByAny": "Jeder",
  "boards_filterByUnassigned": "Nicht zugewiesen",
  "boards_filterByUncategorized": "Ohne Kategorie",

  "boards_sortByPosition": "Position",
  "boards_sortByDueDate": "Fälligkeitsdatum",
  "boards_sortByLastModified": "Letzte Änderung",
  "boards_sortByPoints": "Punkte"
}

