{
  "reset": "Reset",
  "none": "None",
  "yes": "Yes",
  "no": "No",
  "save": "Save",
  "cancel": "Cancel",
  "sortBy": "Sort By",
  "loading": "Loading",

  "dashboard": "Dashboard",
  "boards": "Boards",
  "files": "File Viewer",
  "attachment": "Attachment",
  "settings": "Settings",
  "logout": "Logout",

  "settings_userSettings": "My Settings",
  "settings_changePassword": "Change Password",
  "settings_currentPassword": "Current Password",
  "settings_newPassword": "New Password",
  "settings_verifyPassword": "Verify Password",
  "settings_changeUsername": "Change Username",
  "settings_newUsername": "New Username",
  "settings_changeEmail": "Change Email",
  "settings_newEmail": "New Email",
  "settings_blank": "Blank to disable",
  "settings_globalOptions": "Global Options",
  "settings_displayLanguage": "Display Language",
  "settings_selectDefaultBoard": "Select default board",
  "settings_newTasks": "New tasks appear at column",
  "settings_bottom": "bottom",
  "settings_top": "top",
  "settings_optionsDisplay": "Display tasks side-by-side in columns?",
  "settings_optionsAnimate": "Show animations?",
  "settings_optionsAssignee": "Show Assignee on task cards?",

  "settings_userAdmin": "User Administration",
  "settings_user": "User",
  "settings_email": "Email",
  "settings_securityLevel": "Security Level",
  "settings_defaultBoard": "Default Board",
  "settings_actions": "Actions",
  "settings_edit": "Edit",
  "settings_removeUser": "Remove User",
  "settings_addUser": "Add User",
  "settings_editUser": "Edit User",
  "settings_saveUser": "Save User",
  "settings_confirmUserRemoval": "Confirm User Removal",
  "settings_removeUserWarning": "Removing a user cannot be undone.",
  "settings_continue": "Continue?",
  "settings_username": "Username",
  "settings_password": "Password",
  "settings_emailPlaceholder": "New Email - Blank to disable",
  "settings_defaultBoardHelp": "Selecting a default board adds the user to that board.",
  "settings_boardAccess": "Board Access",
  "settings_boardAdmin": "Board Admin",
  "settings_admin": "Admin",
  "settings_usernameRequired": "Username is required.",
  "settings_passwordRequired": "Password is required.",
  "settings_verifyError": "New password and verify password do not match.",
  "settings_emailError": "Invalid email address.",

  "settings_boardAdministration": "Board Administration",
  "settings_currentBoards": "Current Boards",
  "settings_showByUser": "Show By User",
  "settings_filterBy": "Filter By",
  "settings_allBoards": "All Boards",
  "settings_active": "Active",
  "settings_inactive": "Inactive",
  "settings_anyUser": "Any User",
  "settings_creationNew": "Creation (New First)",
  "settings_creationOld": "Creation (Old First)",
  "settings_name": "Name",
  "settings_columns": "Columns",
  "settings_categories": "Categories",
  "settings_users": "Users",
  "settings_editBoard": "Edit Board",
  "settings_addBoard": "Add Board",
  "settings_removeBoard": "Remove Board",
  "settings_confirmBoardRemoval": "Confirm Board Removal",
  "settings_removeBoardWarning": "Removing a board cannot be undone.",
  "settings_boardName": "Board Name",
  "settings_removeColumn": "Remove Column",
  "settings_columnName": "Column Name",
  "settings_addColumn": "Add Column",
  "settings_removeCategory": "Remove Category",
  "settings_categoryName": "Category Name",
  "settings_defaultTaskColor": "Default Task Color",
  "settings_addCategory": "Add Category",
  "settings_issueTrackers": "Issue Trackers",
  "settings_issueTrackersHelp": "Example URL: https://github.com/kiswa/TaskBoard/issues/%BUGID% Example RegExp: (?:Issue)?#(\\d+)",
  "settings_issueTrakcerUrl": "Issue Tracker URL - use %BUGID% as placeholder",
  "settings_issueTrackerRegExp": "BUGID RegExp",
  "settings_addIssueTracker": "Add Issue Tracker",
  "settings_selectUsers": "Select Users",
  "settings_boardAdminMessage": "Including a Board Admin makes them an admin of this board.",
  "settings_adminAccessMessage": "Administrators have access to all boards and are not listed here.",
  "settings_saveBoard": "Save Board",
  "settings_noBoards": "You are not assigned to any boards. Contact an admin user to be added to a board.",
  "settings_noBoardsAdmin": "There are no current boards. Use the <strong>Add Board</strong> button below to add one.",
  "settings_boardNameError": "Board name is required.",
  "settings_columnError": "At least one column is required.",

  "settings_automaticActions": "Automatic Actions",
  "settings_currentAction": "Current Actions",
  "settings_board": "Board",
  "settings_trigger": "Trigger",
  "settings_action": "Action",
  "settings_remove": "Remove",
  "settings_inactiveBoardMessage": "Inactive board.",
  "settings_removeAutoAction": "Remove Automatic Action",
  "settings_triggerMoveToColumn": "Task moves to column:",
  "settings_triggerAssignedToUser": "Task assigned to user:",
  "settings_triggerAddedToCategory": "Task added to category:",
  "settings_triggerPointsChanged": "Task points changed.",
  "settings_actionSetColor": "Set task color:",
  "settings_actionSetCategory": "Set task category:",
  "settings_actionAddCategory": "Add task category:",
  "settings_actionSetAssignee": "Set task assignee:",
  "settings_actionAddAssignee": "Add task assignee:",
  "settings_actionClearDueDate": "Clear task due date.",
  "settings_actionAlterColor": "Alter task color by points.",
  "settings_addAction": "Add Action",
  "settings_selectBoard": "Select Board",
  "settings_selectTrigger": "Select Trigger",
  "settings_selectAction": "Select Action",
  "settings_selectColumn": "Select Column",
  "settings_selectUser": "Select User",
  "settings_selectCategory": "Select Category",
  "settings_selectAssignee": "Select Assignee",
  "settings_alterByPoints": "Alter color by points",
  "settings_noActions": "There are no automatic actions. Contact an admin user to create one.",
  "settings_noActionsAdmin": "There are no automatic actions. Use the <strong>Add Action</strong> form below to add one.",

  "boards_selectBoard": "Select Board",
  "boards_selectColumn": "Select Column",
  "boards_hideFiltered": "Hide filtered items",
  "boards_userFilter": "User Filter",
  "boards_categoryFilter": "Category Filter",
  "boards_noBoards": "No Boards",
  "boards_noBoardsMessageUser": "You are not assigned to any boards. Contact an admin user to be added to a board.",
  "boards_noBoardsMessageAdmin": "Go to Settings to create a board.",
  "boards_noDefault": "No Default Board",
  "boards_noDefaultMessage": "You have not selected a default board. You may select a default board in your",
  "boards_noDefaultMessage2": "Until then, select a board from the list above.",

  "boards_collapseAllTasks": "Collapse All Tasks",
  "boards_expandAllTasks": "Expand All Tasks",
  "boards_tasksInColumn": "Tasks in Column",
  "boards_expandColumn": "Expand Column",
  "boards_collapseColumn": "Collapse Column",
  "boards_editTaskLimit": "Edit Task Limit",
  "boards_noLimit": "no limit",
  "boards_limitCancel": "Cancel Changes",
  "boards_limitSave": "Save Changes",
  "boards_quickAdd": "Quick Add Task - Title Only",
  "boards_confirmRemoveTask": "Confirm Task Removal",
  "boards_confirmWarning": "Removing a task cannot be undone.",
  "boards_confirmContinue": "Continue?",
  "boards_confirmRemoveAttachment": "Confirm Attachment Removal",
  "boards_confirmWarningAttachment": "Removing an attachment cannot be undone.",
  "boards_confirmRemoveComment": "Confirm Comment Removal",
  "boards_confirmWarningComment": "Removing a comment cannot be undone.",

  "boards_addTask": "Add Task",
  "boards_editTask": "Edit Task",
  "boards_viewTask": "View Task",
  "boards_removeTask": "Remove Task",
  "boards_moveTask": "Move to Column",

  "boards_taskTitle": "Title",
  "boards_taskTitlePlaceholder": "Task Title",
  "boards_taskDescription": "Description",
  "boards_taskDescriptionPlaceholder": "What needs to get done?",
  "boards_taskAssignees": "Assignees",
  "boards_taskActivity": "Task Activity",
  "boards_taskCategories": "Categories",
  "boards_taskColumn": "Column",
  "boards_taskColor": "Color",
  "boards_taskDateDue": "Date Due",
  "boards_taskPoints": "Points",
  "boards_saveTask": "Save Task",

  "boards_copyTaskTo": "Copy to Board",
  "boards_moveTaskTo": "Move to Board",
  "boards_copyMoveHelp": "The task will be placed in the first column of the selected board.",
  "boards_expandTask": "Expand Task",
  "boards_collapseTask": "Collapse Task",
  "boards_taskAssignedTo": "Assigned To",
  "boards_taskUnassigned": "Unassigned",
  "boards_taskDue": "Due",
  "boards_taskCategory": "Category",
  "boards_taskCurrentColumn": "Current Column",

  "boards_taskComments": "Comments",
  "boards_taskAddComment": "Add Comment",
  "boards_taskEditComment": "Edit Comment",
  "boards_taskRemoveComment": "Remove Comment",
  "boards_postedBy": "Posted by",
  "boards_editedBy": "Edited by",

  "boards_taskAttachments": "Attachments",
  "boards_taskAddAttachment": "Add Attachment",
  "boards_taskEditAttachment": "Edit Attachment",
  "boards_taskRemoveAttachment": "Remove Attachment",
  "boards_taskNoFileError": "Select a file before uploading.",
  "boards_taskUpload": "Upload",
  "boards_taskUploadedBy": "Uploaded by",
  "boards_taskUploadedOn": "on",
  "boards_taskView": "View",
  "boards_taskDownload": "Download",

  "boards_task": "Task",
  "boards_taskComplete": "Complete",
  "boards_taskCopied": "copied to board",
  "boards_taskMoved": "moved to board",

  "boards_filterByAny": "Any",
  "boards_filterByUnassigned": "Unassigned",
  "boards_filterByUncategorized": "Uncategorized",

  "boards_sortByPosition": "Position",
  "boards_sortByDueDate": "Due Date",
  "boards_sortByLastModified": "Last Modifed",
  "boards_sortByPoints": "Points",

  "dashboard_boardsAndTasks": "Boards and Tasks",
  "dashboard_myBoards": "My Boards",
  "dashboard_myTasks": "My Tasks",
  "dashboard_tasksInCategory": "Tasks In Category",
  "dashboard_details": "Details",
  "dashboard_analytics": "Analytics"
}

