{
  "api_accessRestricted": "Access restricted.",
  "api_badLogin": "Invalid username or password.",
  "api_firstLoginWarn": "This is your first login, go to Settings to change your password.",
  "api_firstLogin": "Go to Settings to create your first board.",
  "api_invalidToken": "Invalid access token.",
  "api_loggedOut": "You have been logged out.",
  "api_noAttachmentId": "No attachment found for ID ",
  "api_noAttachmentHash": "No attachment found for hash ",
  "api_attachmentFailed": "Error adding attachment. Please try again.",
  "api_attachmentSucceed": "Attachment added.",
  "api_uploadFailed": "Error uploading attachment. Please try again.",
  "api_attachmentPermission": "You do not have sufficient permissions to remove this attachment.",
  "api_attachmentNoRemove": "Error removing attachment. No attachment found for ID ",
  "api_attachmentRemoved": "Attachment removed ",
  "api_noActions": "No automatic actions in database.",
  "api_actionError": "Error adding automatic action. Please check your entries and try again.",
  "api_actionAdded": "Automatic action added.",
  "api_actionRemoveError": "Error removing action. No action found for ID ",
  "api_actionRemoved": "Automatic action removed.",
  "api_noBoards": "No boards in database.",
  "api_noBoardId": "No board found for ID ",
  "api_boardError": "Error adding board. Please check your entries and try again.",
  "api_boardAdded": "Board added ",
  "api_boardUpdateError": "Error updating board. Please check your entries and try again.",
  "api_boardUpdated": "Board updated ",
  "api_boardRemoveError": "Error removing board. No board found for ID ",
  "api_boardRemoved": "Board removed ",
  "api_noColumnId": "No column found for ID ",
  "api_columnError": "Error adding column. Please try again.",
  "api_columnAdded": "Column added ",
  "api_columnUpdateError": "Error updating column. Please try again.",
  "api_columnUpdated": "Column updated ",
  "api_columnRemoveError": "Error removing column. No column found for ID ",
  "api_columnRemoved": "Column removed ",
  "api_noCommentId": "No comment found for ID ",
  "api_commentError": "Error adding comment. Please try again.",
  "api_commentAdded": "Comment added.",
  "api_commentUpdateError": "Error updating comment. Please try again.",
  "api_commentUpdated": "Comment updated.",
  "api_commentRemoveError": "Error removing comment. No comment found for ID ",
  "api_commentRemoved": "Comment removed.",
  "api_noTaskId": "No task found for ID ",
  "api_taskError": "Error adding task. Please check your entries and try again.",
  "api_taskAdded": "Task added ",
  "api_taskUpdateError": "Error updating task. Please try again.",
  "api_taskUpdated": " Task updated ",
  "api_taskRemoveError": "Error removing task. No task found for ID ",
  "api_taskRemoved": "Task removed ",
  "api_taskAutoColor": "Task color changed by automatic action.",
  "api_taskAutoCategory": "Task categories changed by automatic action.",
  "api_taskAutoAssignee": "Task assignees changed by automatic action.",
  "api_taskAutoDate": "Task due date cleared by automatic action.",
  "api_noUserId": "No user found for ID ",
  "api_userError": "Error adding user. Please check your entries and try again.",
  "api_userAdded": "User added ",
  "api_userUpdateError": "Error updating user. Please check your entries and try again.",
  "api_userUpdated": "User updated ",
  "api_userOptError": "Error updating user options. Please check your entries and try again.",
  "api_userOptUpdated": "User options updated.",
  "api_userRemoveError": "Error removing user. No user found for ID ",
  "api_userRemoved": "User removed ",
  "api_usernameExists": "Username already exists. Change the username and try again.",
  "api_userBadPword": "Error updating user. Incorrect current password.",

  "mail_sent": "Email sent.",
  "mail_error": "Email failed to send.",
  "mail_subject": "TaskBoard Notification",

  "mail_template_openBoardLink": "<br><br><a href=\"%hostUrl%/boards/%boardId%\">Open TaskBoard</a>",

  "mail_template_newBoard": "%username% added board %boardName%.",
  "mail_template_newComment": "%username% added a comment in board %boardName%.<br>Task: %taskName%<br>Comment: %comment%",
  "mail_template_newTask": "%username% added a task in board %boardName%.<br>Task: %taskName%<br>Description: %taskDescription%<br>Due Date: %taskDueDate%<br>Asignees: %taskAssignees%<br>Categories: %taskCategories%<br>Points: %taskPoints%<br>Column: %taskColumnName%<br>Position: %taskPosition%",

  "mail_template_editBoard": "%username% edited board %boardName%.",
  "mail_template_editComment": "%username% edited comment in board %boardName%.<br>Task: %taskName%<br>Comment: %comment%",
  "mail_template_editTask": "%username% edited task in board %boardName%.<br>Task: %taskName%<br>Description: %taskDescription%<br>Due Date: %taskDueDate%<br>Asignees: %taskAssignees%<br>Categories: %taskCategories%<br>Points: %taskPoints%<br>Column: %taskColumnName%<br>Position: %taskPosition%",

  "mail_template_removeBoard": "%username% removed board %boardName%.",
  "mail_template_removeComment": "%username% removed comment in board %boardName%.<br>Task: %taskName%",
  "mail_template_removeTask": "%username% removed a task in board %boardName%<br>Task: %taskName%"
}
